"","baseMean","log2FoldChange","lfcSE","stat","pvalue","padj"
"hsa-miR-582-3p",1202.9290940432,-3.19991645083105,0.750612128506868,-4.26307586742088,2.01632021495056e-05,0.010686497139238
